<?xml version="1.0" encoding="UTF-8"?>
<con:soapui-project id="ec01dbb9-2b54-4f75-bd32-197ae163660a" activeEnvironment="Default" name="REST Project 1" resourceRoot="" soapui-version="5.6.0" xmlns:con="http://eviware.com/soapui/config"><con:settings><con:setting id="com.eviware.soapui.impl.wsdl.actions.iface.tools.soapui.TestRunnerAction@values-local"><![CDATA[<xml-fragment xmlns:con="http://eviware.com/soapui/config">
  <con:entry key="Report Format(s)" value=""/>
  <con:entry key="Host:Port" value=""/>
  <con:entry key="Export JUnit Results" value="false"/>
  <con:entry key="Export All" value="false"/>
  <con:entry key="Save After" value="false"/>
  <con:entry key="Add Settings" value="false"/>
  <con:entry key="WSS Password Type" value=""/>
  <con:entry key="TestSuite" value="SOAPUI_Testing"/>
  <con:entry key="Endpoint" value=""/>
  <con:entry key="Select Report Type" value=""/>
  <con:entry key="System Properties" value=""/>
  <con:entry key="Password" value=""/>
  <con:entry key="Print Report" value="false"/>
  <con:entry key="Open Report" value="false"/>
  <con:entry key="Export JUnit Results with test properties" value="false"/>
  <con:entry key="Global Properties" value=""/>
  <con:entry key="Project Properties" value=""/>
  <con:entry key="Project Password" value=""/>
  <con:entry key="TestCase" value="&lt;all>"/>
  <con:entry key="Username" value=""/>
  <con:entry key="user-settings.xml Password" value=""/>
  <con:entry key="TestRunner Path" value=""/>
  <con:entry key="Environment" value="Default"/>
  <con:entry key="Coverage Report" value="false"/>
  <con:entry key="Enable UI" value="false"/>
  <con:entry key="Root Folder" value=""/>
  <con:entry key="Ignore Errors" value="false"/>
  <con:entry key="Domain" value=""/>
  <con:entry key="Tool Args" value=""/>
  <con:entry key="Save Project" value="false"/>
</xml-fragment>]]></con:setting></con:settings><con:interface xsi:type="con:RestService" id="ff916e61-ac06-4a16-b8a5-b1767aa4e2e4" wadlVersion="http://wadl.dev.java.net/2009/02" name="https://reqres.in" type="rest" xmlns:xsi="http://www.w3.org/2001/XMLSchema-instance"><con:settings/><con:definitionCache type="TEXT" rootPart=""/><con:endpoints><con:endpoint>https://reqres.in</con:endpoint></con:endpoints><con:resource name="Input" path="/api/users/{Input}" id="b3d734bb-831f-4565-8ab1-9f25d15c457a"><con:settings/><con:parameters><con:parameter><con:name>Input</con:name><con:style>TEMPLATE</con:style></con:parameter></con:parameters><con:method name="Get-Path" id="1dede28f-5654-4b82-a5b2-1bf56066daa0" method="GET"><con:settings/><con:parameters/><con:representation type="RESPONSE"><con:mediaType>application/json; charset=utf-8</con:mediaType><con:status>200</con:status><con:params/><con:element xmlns:user="https://reqres.in/api/users/">user:Response</con:element></con:representation><con:representation type="RESPONSE"><con:mediaType xsi:nil="true"/><con:status>0</con:status><con:params/><con:element>data</con:element></con:representation><con:representation type="RESPONSE"><con:mediaType xsi:nil="true"/><con:status>0</con:status><con:params/><con:element>data</con:element></con:representation><con:request name="Request 1" id="d924ead8-39b0-46d4-b582-b65e40a09e2e" mediaType="application/json"><con:settings><con:setting id="com.eviware.soapui.impl.wsdl.WsdlRequest@request-headers">&lt;xml-fragment/></con:setting></con:settings><con:endpoint>https://reqres.in</con:endpoint><con:request/><con:originalUri>https://reqres.in/api/users/</con:originalUri><con:credentials><con:authType>No Authorization</con:authType></con:credentials><con:jmsConfig JMSDeliveryMode="PERSISTENT"/><con:jmsPropertyConfig/><con:parameters><entry key="Input" value="3" xmlns="http://eviware.com/soapui/config"/></con:parameters><con:parameterOrder><con:entry>Input</con:entry></con:parameterOrder></con:request></con:method></con:resource><con:resource name="users" path="/api/users" id="fd8980d4-023e-4ab7-979b-27ce14da7ec2"><con:settings/><con:parameters><con:parameter><con:name>page</con:name><con:value>{Input}</con:value><con:style>QUERY</con:style><con:default>{Input}</con:default></con:parameter></con:parameters><con:method name="Get-Query" id="bcbe9ea9-a6e8-47fe-9bbc-598bb29516bc" method="GET"><con:settings/><con:parameters/><con:representation type="RESPONSE"><con:mediaType>application/json; charset=utf-8</con:mediaType><con:status>200 201</con:status><con:params/><con:element xmlns:user="https://reqres.in/api/users">user:Response</con:element></con:representation><con:representation type="REQUEST"><con:mediaType>application/json</con:mediaType><con:params/></con:representation><con:representation type="RESPONSE"><con:mediaType xsi:nil="true"/><con:status>0</con:status><con:params/><con:element>data</con:element></con:representation><con:request name="Request 1" id="48ae7739-08b5-4f7e-a4a7-4f5229f3faec" mediaType="application/json" postQueryString="false"><con:settings><con:setting id="com.eviware.soapui.impl.wsdl.WsdlRequest@request-headers">&lt;xml-fragment/></con:setting></con:settings><con:endpoint>https://reqres.in</con:endpoint><con:request>{"name":"morpheus","job":"leader"}</con:request><con:originalUri>https://reqres.in/api/users</con:originalUri><con:credentials><con:authType>No Authorization</con:authType></con:credentials><con:jmsConfig JMSDeliveryMode="PERSISTENT"/><con:jmsPropertyConfig/><con:parameters><entry key="page" value="5" xmlns="http://eviware.com/soapui/config"/></con:parameters></con:request></con:method></con:resource><con:resource name="users" path="/api/users" id="98bd4570-f828-470c-b158-8f1b3a8ff534"><con:settings/><con:parameters/><con:method name="Post" id="4214529f-23fa-4bdf-afd3-7ceb98302338" method="POST"><con:settings/><con:parameters/><con:representation type="REQUEST"><con:mediaType>application/json</con:mediaType><con:params/></con:representation><con:representation type="RESPONSE"><con:mediaType>application/json; charset=utf-8</con:mediaType><con:status>201</con:status><con:params/><con:element xmlns:user="https://reqres.in/api/users">user:Response</con:element></con:representation><con:request name="Request 1" id="9cf2fdd5-9f4e-44f4-9c65-eb4cffd7fbb3" mediaType="application/json" postQueryString="false"><con:settings><con:setting id="com.eviware.soapui.impl.wsdl.WsdlRequest@request-headers">&lt;xml-fragment/></con:setting></con:settings><con:endpoint>https://reqres.in</con:endpoint><con:request>{"name":"morpheus","job":"leader"}</con:request><con:originalUri>https://reqres.in/api/users</con:originalUri><con:credentials><con:authType>No Authorization</con:authType></con:credentials><con:jmsConfig JMSDeliveryMode="PERSISTENT"/><con:jmsPropertyConfig/><con:parameters/><con:parameterOrder/></con:request></con:method></con:resource><con:resource name="{Input}" path="/api/users/{Input}" id="7c8a7414-149f-41da-a284-f33b0fc631f1"><con:settings/><con:parameters><con:parameter><con:name>Input</con:name><con:value>Input</con:value><con:style>TEMPLATE</con:style><con:default>Input</con:default></con:parameter></con:parameters><con:method name="Put" id="c97e8d17-e8aa-4349-baf3-8ee1541a287a" method="PUT"><con:settings/><con:parameters/><con:representation type="REQUEST"><con:mediaType>application/json</con:mediaType><con:params/></con:representation><con:representation type="RESPONSE"><con:mediaType>application/json; charset=utf-8</con:mediaType><con:status>200</con:status><con:params/><con:element xmlns:inp="https://reqres.in/api/users/Input">inp:Response</con:element></con:representation><con:request name="Request 1" id="fcec8cb0-045c-4dcd-b90b-943d5ba1a4c2" mediaType="application/json" postQueryString="false"><con:settings><con:setting id="com.eviware.soapui.impl.wsdl.WsdlRequest@request-headers">&lt;xml-fragment/></con:setting></con:settings><con:endpoint>https://reqres.in</con:endpoint><con:request>{"name":"morpheus","job":"associate"}</con:request><con:originalUri>https://reqres.in/api/users/Input</con:originalUri><con:credentials><con:authType>No Authorization</con:authType></con:credentials><con:jmsConfig JMSDeliveryMode="PERSISTENT"/><con:jmsPropertyConfig/><con:parameters/></con:request></con:method></con:resource><con:resource name="{Input" path="/api/users/{Input" id="0b34956d-5b49-4eb5-b3d2-104956b71373"><con:settings/><con:parameters/><con:method name="Delete" id="1a89b7c5-cf0e-4d33-98b0-6f8d13a52569" method="DELETE"><con:settings/><con:parameters/><con:representation type="REQUEST"><con:mediaType>application/json</con:mediaType><con:params/></con:representation><con:representation type="FAULT"><con:mediaType>text/html; charset=utf-8</con:mediaType><con:status>404</con:status><con:params/><con:element>html</con:element></con:representation><con:request name="Request 1" id="5cb9b6dd-b941-45cd-95eb-39916fb5cd26" mediaType="application/json" postQueryString="false"><con:settings><con:setting id="com.eviware.soapui.impl.wsdl.WsdlRequest@request-headers">&lt;xml-fragment/></con:setting></con:settings><con:endpoint>https://reqres.in</con:endpoint><con:request/><con:originalUri>https://reqres.in/</con:originalUri><con:credentials><con:authType>No Authorization</con:authType></con:credentials><con:jmsConfig JMSDeliveryMode="PERSISTENT"/><con:jmsPropertyConfig/><con:parameters/></con:request></con:method></con:resource><con:resource name="{Input" path="/api/users/{Input}" id="5d2b4b9c-c745-47a9-94b5-b8445dbd03b7"><con:settings/><con:parameters><con:parameter><con:name>Input</con:name><con:value>2</con:value><con:style>TEMPLATE</con:style><con:default>2</con:default></con:parameter></con:parameters><con:method name="Delete" id="7b65bcba-9c4b-455e-883c-8c16b492f3c1" method="DELETE"><con:settings/><con:parameters/><con:representation type="REQUEST"><con:mediaType>application/json</con:mediaType><con:params/></con:representation><con:representation type="FAULT"><con:mediaType>text/html; charset=utf-8</con:mediaType><con:status>400 404</con:status><con:params/><con:element>html</con:element></con:representation><con:representation type="RESPONSE"><con:mediaType xsi:nil="true"/><con:status>204</con:status><con:params/><con:element>data</con:element></con:representation><con:representation type="RESPONSE"><con:mediaType xsi:nil="true"/><con:status>204</con:status><con:params/><con:element>data</con:element></con:representation><con:request name="Request 1" id="577d5445-8de8-4057-9be2-0c6b07d2916e" mediaType="application/json" postQueryString="false"><con:settings><con:setting id="com.eviware.soapui.impl.wsdl.WsdlRequest@request-headers">&lt;xml-fragment/></con:setting></con:settings><con:endpoint>https://reqres.in</con:endpoint><con:request/><con:originalUri>https://reqres.in/</con:originalUri><con:credentials><con:authType>No Authorization</con:authType></con:credentials><con:jmsConfig JMSDeliveryMode="PERSISTENT"/><con:jmsPropertyConfig/><con:parameters><entry key="Input" value="3" xmlns="http://eviware.com/soapui/config"/></con:parameters><con:parameterOrder><con:entry>Input</con:entry></con:parameterOrder></con:request></con:method></con:resource></con:interface><con:testSuite id="38599b45-8677-4fb1-85c6-79a9d4a14e24" name="SOAPUI_Testing"><con:settings/><con:runType>SEQUENTIAL</con:runType><con:testCase id="cbba1185-114e-4d66-807d-7769bd5e007a" failOnError="true" failTestCaseOnErrors="true" keepSession="false" maxResults="0" name="GetDetails" searchProperties="true"><con:settings/><con:testStep type="restrequest" name="REST Request" id="4bcd45b9-2a90-4cb3-bcae-491e28fd8045"><con:settings/><con:config service="https://reqres.in" methodName="Get-Path" resourcePath="/api/users/{Input}" xsi:type="con:RestRequestStep" xmlns:xsi="http://www.w3.org/2001/XMLSchema-instance"><con:restRequest name="REST Request" id="0d579fff-4e5c-44ae-a7ca-71a68386b40f" mediaType="application/json"><con:settings><con:setting id="com.eviware.soapui.impl.wsdl.WsdlRequest@request-headers">&lt;xml-fragment/></con:setting></con:settings><con:encoding>UTF-8</con:encoding><con:endpoint>${#Project#baseURL}</con:endpoint><con:request/><con:originalUri>https://reqres.in/api/users/4</con:originalUri><con:credentials><con:authType>No Authorization</con:authType></con:credentials><con:jmsConfig JMSDeliveryMode="PERSISTENT"/><con:jmsPropertyConfig/><con:parameters><entry key="Input" value="4" xmlns="http://eviware.com/soapui/config"/></con:parameters></con:restRequest></con:config></con:testStep><con:testStep type="restrequest" name="REST Request_1" id="f9a2a357-70dc-46a3-bd2b-9ef8a07a3f6a"><con:settings/><con:config service="https://reqres.in" resourcePath="/api/users" methodName="Get-Query" xsi:type="con:RestRequestStep" xmlns:xsi="http://www.w3.org/2001/XMLSchema-instance"><con:restRequest name="REST Request_1" id="48ae7739-08b5-4f7e-a4a7-4f5229f3faec" mediaType="application/json" postQueryString="false"><con:settings><con:setting id="com.eviware.soapui.impl.wsdl.WsdlRequest@request-headers">&lt;xml-fragment/></con:setting></con:settings><con:endpoint>${#Project#baseURL}</con:endpoint><con:request>{"name":"morpheus","job":"leader"}</con:request><con:originalUri>https://reqres.in/api/users</con:originalUri><con:credentials><con:authType>No Authorization</con:authType></con:credentials><con:jmsConfig JMSDeliveryMode="PERSISTENT"/><con:jmsPropertyConfig/><con:parameters><entry key="page" value="5" xmlns="http://eviware.com/soapui/config"/></con:parameters></con:restRequest></con:config></con:testStep><con:properties/></con:testCase><con:testCase id="524a0273-e663-473a-b671-d105255c229a" failOnError="true" failTestCaseOnErrors="true" keepSession="false" maxResults="0" name="Post-AddDetails" searchProperties="true"><con:settings/><con:testStep type="restrequest" name="REST Request" id="65696af8-337f-4bc3-932a-e71b8a13bde8"><con:settings/><con:config service="https://reqres.in" resourcePath="/api/users" methodName="Post" xsi:type="con:RestRequestStep" xmlns:xsi="http://www.w3.org/2001/XMLSchema-instance"><con:restRequest name="REST Request" id="9cf2fdd5-9f4e-44f4-9c65-eb4cffd7fbb3" mediaType="application/json" postQueryString="false"><con:settings><con:setting id="com.eviware.soapui.impl.wsdl.WsdlRequest@request-headers">&lt;xml-fragment/></con:setting></con:settings><con:endpoint>${#Project#baseURL}</con:endpoint><con:request>{"name":"morpheus","job":"CEO"}</con:request><con:originalUri>https://reqres.in/api/users</con:originalUri><con:credentials><con:authType>No Authorization</con:authType></con:credentials><con:jmsConfig JMSDeliveryMode="PERSISTENT"/><con:jmsPropertyConfig/><con:parameters/><con:parameterOrder/></con:restRequest></con:config></con:testStep><con:properties/></con:testCase><con:testCase id="eed8f443-5f4e-4950-972a-fe7c77cf2a87" failOnError="true" failTestCaseOnErrors="true" keepSession="false" maxResults="0" name="Put-UpdateDetails" searchProperties="true"><con:settings/><con:testStep type="restrequest" name="REST Request" id="46a51c90-2d97-4349-97e6-5464a58647e2"><con:settings/><con:config service="https://reqres.in" resourcePath="/api/users/{Input}" methodName="Put" xsi:type="con:RestRequestStep" xmlns:xsi="http://www.w3.org/2001/XMLSchema-instance"><con:restRequest name="REST Request" id="fcec8cb0-045c-4dcd-b90b-943d5ba1a4c2" mediaType="application/json" postQueryString="false"><con:settings><con:setting id="com.eviware.soapui.impl.wsdl.WsdlRequest@request-headers">&lt;xml-fragment/></con:setting></con:settings><con:endpoint>${#Project#baseURL}</con:endpoint><con:request>{"name":"morpheus","job":"associate"}</con:request><con:originalUri>https://reqres.in/api/users/Input</con:originalUri><con:credentials><con:authType>No Authorization</con:authType></con:credentials><con:jmsConfig JMSDeliveryMode="PERSISTENT"/><con:jmsPropertyConfig/><con:parameters/></con:restRequest></con:config></con:testStep><con:properties/></con:testCase><con:testCase id="a76d2b80-3bd5-42cb-8255-9ff9d607ba51" failOnError="true" failTestCaseOnErrors="true" keepSession="false" maxResults="0" name="Delete-Details" searchProperties="true"><con:settings/><con:testStep type="restrequest" name="REST Request" id="28f49e7c-3243-4188-b7c8-f9423d849a3b"><con:settings/><con:config service="https://reqres.in" resourcePath="/api/users/{Input}" methodName="Delete" xsi:type="con:RestRequestStep" xmlns:xsi="http://www.w3.org/2001/XMLSchema-instance"><con:restRequest name="REST Request" id="577d5445-8de8-4057-9be2-0c6b07d2916e" mediaType="application/json" postQueryString="false"><con:settings><con:setting id="com.eviware.soapui.impl.wsdl.WsdlRequest@request-headers">&lt;xml-fragment/></con:setting></con:settings><con:endpoint>${#Project#baseURL}</con:endpoint><con:request/><con:originalUri>https://reqres.in/</con:originalUri><con:credentials><con:authType>No Authorization</con:authType></con:credentials><con:jmsConfig JMSDeliveryMode="PERSISTENT"/><con:jmsPropertyConfig/><con:parameters><entry key="Input" value="3" xmlns="http://eviware.com/soapui/config"/></con:parameters><con:parameterOrder><con:entry>Input</con:entry></con:parameterOrder></con:restRequest></con:config></con:testStep><con:properties/></con:testCase><con:properties/></con:testSuite><con:properties><con:property><con:name>baseURL</con:name><con:value>https://reqres.in</con:value></con:property></con:properties><con:wssContainer/><con:oAuth2ProfileContainer/><con:oAuth1ProfileContainer/><con:sensitiveInformation/></con:soapui-project>