{
	"info": {
		"_postman_id": "62836fa8-3c45-4bf9-b226-32a76552d487",
		"name": "APITesting",
		"description": "Api testing using Postman",
		"schema": "https://schema.getpostman.com/json/collection/v2.1.0/collection.json"
	},
	"item": [
		{
			"name": "Add",
			"event": [
				{
					"listen": "test",
					"script": {
						"id": "75680806-23a6-4064-a515-ae93e0ae4f10",
						"exec": [
							"pm.test(\"Status code is 201\", function () {\r",
							"    pm.response.to.have.status(201);\r",
							"});\r",
							""
						],
						"type": "text/javascript"
					}
				}
			],
			"request": {
				"method": "POST",
				"header": [],
				"body": {
					"mode": "raw",
					"raw": "{\"name\":\"morpheus\",\"job\":\"leaderCEA\"}"
				},
				"url": {
					"raw": "{{url}}/api/users",
					"host": [
						"{{url}}"
					],
					"path": [
						"api",
						"users"
					]
				}
			},
			"response": []
		},
		{
			"name": "Update",
			"event": [
				{
					"listen": "test",
					"script": {
						"id": "2d4dd489-0127-422a-a39c-1be41a2cf017",
						"exec": [
							"pm.test(\"Body matches string\", function () {\r",
							"    pm.expect(pm.response.text()).to.include(\"updatedAt\");\r",
							"});"
						],
						"type": "text/javascript"
					}
				}
			],
			"request": {
				"method": "PUT",
				"header": [],
				"body": {
					"mode": "raw",
					"raw": "{\"name\":\"morpheus\",\"job\":\"associate\"}"
				},
				"url": {
					"raw": "{{url}}/api/users/612",
					"host": [
						"{{url}}"
					],
					"path": [
						"api",
						"users",
						"612"
					]
				}
			},
			"response": []
		},
		{
			"name": "Get-Path",
			"event": [
				{
					"listen": "test",
					"script": {
						"id": "7a8755ff-eafb-49c8-b197-971ce48435e4",
						"exec": [
							"pm.test(\"Status code is 200\", function () {\r",
							"    pm.response.to.have.status(200);\r",
							"});"
						],
						"type": "text/javascript"
					}
				}
			],
			"request": {
				"method": "GET",
				"header": [],
				"url": {
					"raw": "{{url}}/api/users/2",
					"host": [
						"{{url}}"
					],
					"path": [
						"api",
						"users",
						"2"
					]
				}
			},
			"response": []
		},
		{
			"name": "Get-Query",
			"event": [
				{
					"listen": "test",
					"script": {
						"id": "9857b019-3567-4967-8de1-ef98e47aabe9",
						"exec": [
							"pm.test(\"Status code is 200\", function () {\r",
							"    pm.response.to.have.status(200);\r",
							"});"
						],
						"type": "text/javascript"
					}
				}
			],
			"request": {
				"method": "GET",
				"header": [],
				"url": {
					"raw": "{{url}}/api/users?page=2",
					"host": [
						"{{url}}"
					],
					"path": [
						"api",
						"users"
					],
					"query": [
						{
							"key": "page",
							"value": "2"
						}
					]
				}
			},
			"response": []
		}
	],
	"protocolProfileBehavior": {}
}